1,CDFH3301061995000003,영업/정상,02-738-7861,서울특별시 종로구 내자동 1-3번지 ,03041,경복궁휘트니스
2,CDFH3301062001000004,영업/정상,02-733-3457,서울특별시 종로구 신문로2가 12-5번지 신문로빌딩4층 ,03184,바디발란스휘트니스
3,CDFH3301062002000001,영업/정상,,서울특별시 종로구 낙원동 150-1번지 파고다빌딩 ,03139,파고다
4,CDFH3301062002000002,영업/정상,02-740-4211,서울특별시 종로구 원남동 66-21번지 보령빌딩 ,03127,보령헬스피아
5,CDFH3301062007000001,영업/정상,02-2250-7141,서울특별시 종로구 숭인동 1388번지 동양파라빌 ,03116,제이휘트니스
6,CDFH3301062007000003,영업/정상,02-747-9686,서울특별시 종로구 명륜4가 188-4번지 동화빌딩 4층 ,03079,바디스타3
7,CDFH3301062004000002,영업/정상,02-741-9696,서울특별시 종로구 혜화동 185번지 중원빌딩 ,03084,바디스타휘트니스클럽
8,CDFH3301062004000005,영업/정상,744-3373,서울특별시 종로구 연건동 198-7번지 ,03127,제일메가스포
9,CDFH3301062005000001,영업/정상,02-741-3303,서울특별시 종로구 명륜2가 211번지 유니지오 빌딩 6층 ,03074,AB휘트니스클럽
10,CDFH3301062006000001,영업/정상,02-737-7797,서울특별시 종로구 관철동 155번지 종로1번가빌딩 지하2층 ,03189,인어스(INUS)
11,CDFH3301062006000003,영업/정상,02-733-0114,서울특별시 종로구 내수동 72번지 경희궁의아침 3단지 ,03174,주-스포짐
12,CDFH3301062019000005,영업/정상,02-6370-5154,서울특별시 종로구 공평동 5-1번지 ,03161,센트로폴리스 피트니스
13,CDFH3301062019000006,영업/정상,,서울특별시 종로구 관철동 7-5번지 ,03190,아지트
14,CDFH3301062019000002,영업/정상,,서울특별시 종로구 내수동 95번지 경희궁 파크팰리스 ,03174,한상현GYM
15,CDFH3301062019000003,영업/정상,,서울특별시 종로구 관철동 180번지 스타골드빌딩 ,03189,리썸
16,CDFH3301062010000002,영업/정상,02-742-0747,서울특별시 종로구 창신동 23-76번지 브라운스톤 지하1층 ,03095,스톤휘트니스
17,CDFH3301062016000006,영업/정상,02-765-4202,서울특별시 종로구 연건동 28-2번지 학생관5 2층 ,03080,필웨이
18,CDFH3301062016000007,영업/정상,,서울특별시 종로구 종로3가 119번지 지하1층 ,03192,원알엠피트니스
19,CDFH3301062017000001,영업/정상,02-395-0653,서울특별시 종로구 평창동 158-1번지 ,03009,PT.ROOT
20,CDFH3301062017000002,영업/정상,,서울특별시 종로구 내수동 95번지 경희궁 파크팰리스 ,03174,몬스터짐 광화문본점
21,CDFH3301062018000001,영업/정상,02-396-0653,서울특별시 종로구 구기동 95-16번지 ,03012,피티루트
22,CDFH3301062018000002,영업/정상,02-395-2234,서울특별시 종로구 평창동 158-1번지 글로리아타운 ,03009,로얄EMS.PT
23,CDFH3301062019000001,영업/정상,02-739-9618,서울특별시 종로구 신문로1가 116번지 에스타워 ,03185,스포애니 광화문역점
24,CDFH3301062016000001,영업/정상,070-7664-9682,서울특별시 종로구 내수동 95번지 107호,03174,바디밸런스
25,CDFH3301062016000003,영업/정상,070-7534-9682,서울특별시 종로구 사직동 9번지 ,03168,100일 PT 샵
26,CDFH3301062016000004,영업/정상,,서울특별시 종로구 삼청동 12번지 ,03049,디앤브이 피트니스
27,CDFH3301062018000006,영업/정상,02-722-3770,서울특별시 종로구 교남동 47번지 ,03180,더타임
28,CDFH3301062018000007,영업/정상,027204720,서울특별시 종로구 필운동 227번지 ,03041,종로테니스교실
29,CDFH3301062010000003,영업/정상,02-2278-0555,서울특별시 종로구 관수동 21-7번지 국일관드림팰리스 지상10층 ,03192,바디스타 짐
30,CDFH3301062010000004,영업/정상,,서울특별시 종로구 혜화동 109-4번지 지상3층 ,03076,바디팩토리
31,CDFH3301062011000001,영업/정상,,서울특별시 종로구 사직동 9번지 광화문풍림스페이스본 ,03168,스페이스본 휘트니스센터
32,CDFH3301062011000002,영업/정상,02-924-0251,서울특별시 종로구 숭인동 766번지 종로청계힐스테이트 상가 나동 B01호 ,03112,착한휘트니스(신설동점)
33,CDFH3301062014000002,영업/정상,739-3392,서울특별시 종로구 종로2가 19번지 ,03164,휴먼웰니스 피티 짐
34,CDFH3301062015000002,영업/정상,02-3414-2077,서울특별시 종로구 세종로 100번지 ,03154,(재)케이티그룹희망나눔재단 광화문-west
35,CDFH3301062015000003,영업/정상,02-725-2711,서울특별시 종로구 통의동 66번지 ,03044,711GYM
36,CDFH3301062015000004,영업/정상,733-7980,서울특별시 종로구 서린동 88번지 관정빌딩 지하2층 ,03188,스포짐
37,CDFH3301062015000006,영업/정상,,서울특별시 종로구 평창동 150-5번지 ,03011,워너짐
38,CDFH3301062018000003,영업/정상,,서울특별시 종로구 이화동 21번지 ,03100,필라테스.피티.시도하다
39,CDFH3301062018000004,영업/정상,027320020,서울특별시 종로구 견지동 110번지 종로1가 대성 스카이렉스 ,03150,(주)케이에스스포짐
40,CDFH3301062018000005,영업/정상,02-747-1622,서울특별시 종로구 창신동 23-816번지 창신이수아파트 ,03095,클래식바디짐
41,CDFH3301062010000001,영업/정상,02-391-3335,서울특별시 종로구 평창동 76번지 지하1층 ,03010,M2 GYM
42,CDFH3301062016000002,영업/정상,02-732-1020,서울특별시 종로구 종로1가 24번지 ,03157,다함PT
43,CDFH3301062020000005,영업/정상,02-747-8296,서울특별시 종로구 내자동 5번지 목천빌딩 ,03041,홍핏(HONG FIT)
44,CDFH3301062020000003,영업/정상,,서울특별시 종로구 소격동 48번지 ,03053,Wellness K(웰니스 케이)
45,CDFH3301062020000004,영업/정상,,서울특별시 종로구 교남동 47-3번지 ,03180,짐피닉스
46,CDFH3301062020000001,영업/정상,070-8263-1157,서울특별시 종로구 내수동 167번지 대우빌딩 ,03173,RUN 광화문
47,CDFH3301062020000002,영업/정상,02-6353-7712,서울특별시 종로구 원남동 49-17번지 오라카이 대학로 호텔 ,03127,금보개발(주)오라카이 대학로 호텔
48,CDFH3301062012000001,휴업,02-730-5627,서울특별시 종로구 관철동 45-1번지 대왕빌딩 ,03189,토브짐
49,CDFH3301061992000003,폐업,,서울특별시 종로구 운니동 114-2번지 ,,중앙일보문화센터
50,CDFH3301061993000001,폐업,02-743-4016,서울특별시 종로구 연지동 170번지 ,,우진체육관
51,CDFH3301061993000002,폐업,,서울특별시 종로구 교북동 10-10번지 ,,승리헬스
52,CDFH3301061994000001,폐업,,서울특별시 종로구 종로1가 21번지 ,,개선헬스
53,CDFH3301061998000001,폐업,,서울특별시 종로구 연지동 1-30번지 ,,은석스포츠센타
54,CDFH3301061998000002,폐업,,서울특별시 종로구 연지동 1-30번지 ,,은석스포츠센타
55,CDFH3301061998000003,폐업,,서울특별시 종로구 연지동 1-30번지 ,,주)남중개발
56,CDFH3301061999000003,폐업,,서울특별시 종로구 무악동 45-0번지 무악현대프라자상가4층 ,,나비스포렉스(주)
57,CDFH3301061999000004,폐업,02-2275-9889,서울특별시 종로구 종로5가 314-7번지 청오가방도매상가 ,03196,한일휘트니스
58,CDFH3301061994000002,폐업,02-742-7953,서울특별시 종로구 효제동 247-3번지 ,03126,청우헬스
59,CDFH3301061995000001,폐업,02-2274-0798,서울특별시 종로구 종로5가 138-2번지 ,03195,종로헬스
60,CDFH3301061995000002,폐업,,서울특별시 종로구 종로5가 490-0번지 8층 ,,로얄
61,CDFH3301061996000001,폐업,,서울특별시 종로구 동숭동 1-8번지 ,,우리들헬스
62,CDFH3301061996000002,폐업,,서울특별시 종로구 종로3가 13-4번지 5층 ,,월드남여헬스크럽
63,CDFH3301062000000002,폐업,,서울특별시 종로구 명륜2가 34-0번지 ,,명륜헬스
64,CDFH3301062001000001,폐업,,서울특별시 종로구 신문로1가 20-0번지 ,,피사프코리아
65,CDFH3301062001000003,폐업,394-8521,서울특별시 종로구 평창동 76번지 ,,귀빈휘트니스클럽
66,CDFH3301062008000001,폐업,02-733-8111,서울특별시 종로구 무악동 82번지 무악현대프라자 4층 ,03025,나비스포렉스(주)
67,CDFH3301062009000001,폐업,737-7881,서울특별시 종로구 관철동 45-1번지 지상10층 ,,"아메리카 골프,헬스"
68,CDFH3301061989000001,폐업,,서울특별시 종로구 숭인동 201-5번지 ,,종로헬스
69,CDFH3301061989000002,폐업,02-765-4738,서울특별시 종로구 종로6가 210-11번지 ,03124,우진헬스
70,CDFH3301061992000001,폐업,02-763-7715,서울특별시 종로구 창신동 407-4번지 ,,청송헬스
71,CDFH3301062002000004,폐업,02-730-9717,서울특별시 종로구 수송동 83-1번지 삼성생명빌딩 지하1층 ,,(주)젠스타서비스 스포존
72,CDFH3301062002000005,폐업,,서울특별시 종로구 관수동 20-0번지 ,,국일관게임파크
73,CDFH3301062002000006,폐업,,서울특별시 종로구 충신동 189-20번지 ,,대동체육관
74,CDFH3301062002000007,폐업,,서울특별시 종로구 숭인동 200-25번지 ,,종로헬스크럽
75,CDFH3301062002000008,폐업,,서울특별시 종로구 연지동 1-7번지 은석빌딩 서관 지하2층 ,,오륜 스포츠센터
76,CDFH3301062002000009,폐업,,서울특별시 종로구 관철동 19-7번지 ,,종로헬스
77,CDFH3301062003000001,폐업,730-7041,서울특별시 종로구 서린동 149번지 갑을빌딩 B1 ,,그랜드 스포츠
78,CDFH3301062005000002,폐업,02-394-5010,서울특별시 종로구 평창동 76번지 ,110846,귀빈스포츠
79,CDFH3301062005000003,폐업,,서울특별시 종로구 연지동 1-7번지 로담코센터 서관 (지하2층) ,110754,서울스포피아
80,CDFH3301062019000004,폐업,02-725-7411,서울특별시 종로구 체부동 32-2번지 영해빌딩 ,03040,CA스포츠
81,CDFH3301062016000005,폐업,02-744-7561,서울특별시 종로구 명륜3가 122-1번지 지하1층 ,03073,태닝&PT샵
82,CDFH3301062014000001,폐업,395-2230,서울특별시 종로구 평창동 158-1번지 ,03009,로얄휘트니스 스튜디오 서울
83,CDFH3301062015000001,폐업,720-1387,서울특별시 종로구 신교동 58-1번지 ,03035,서촌 휘트니스
84,CDFH3301062015000005,폐업,02-722-3122,서울특별시 종로구 관철동 ,03189,PT박스
85,CDFH3301062015000007,폐업,,서울특별시 종로구 인의동 48-2번지 ,03130,멋짐 퍼스널 트레이닝
86,CDFH3301061992000002,폐업,,서울특별시 종로구 종로5가 265-12번지 ,03197,용림헬스
87,CDFH3301061999000002,폐업,,서울특별시 종로구 교남동 6-0번지 ,,월드헬스클럽
88,CDFH3301061990000001,폐업,,서울특별시 종로구 종로5가 182-6번지 ,03196,로타리헬스
89,CDFH3301061997000003,취소/말소/만료/정지/중지,,서울특별시 종로구 교남동 75번지 ,,국민헬스
90,CDFH3301061998000005,취소/말소/만료/정지/중지,02-742-2211,서울특별시 종로구 낙원동 172-0번지 ,,대한
91,CDFH3301061999000001,취소/말소/만료/정지/중지,,서울특별시 종로구 청진동 201-1번지 진학회관8층 ,,파워라인 휘트니스
92,CDFH3301062004000001,취소/말소/만료/정지/중지,02-741-2225,"서울특별시 종로구 창신동 440-6번지 3,4층 ",03119,영 휘트니스
93,CDFH3301061997000001,취소/말소/만료/정지/중지,02-764-5636,서울특별시 종로구 종로3가 10번지 6층 ,,서울헬스피아
94,CDFH3301062000000001,취소/말소/만료/정지/중지,02-765-2122,서울특별시 종로구 명륜1가 16-21번지 ,,성대헬스
95,CDFH3301062001000002,취소/말소/만료/정지/중지,,서울특별시 종로구 적선동 122-1번지 한국생산성본부 ,03170,세종스포츠클럽
96,CDFH3301062001000005,취소/말소/만료/정지/중지,,서울특별시 종로구 통의동 108-0번지 지하1층 ,,청운
97,CDFH3301062007000002,취소/말소/만료/정지/중지,,"서울특별시 종로구 수송동 58번지 두산위브파밀리온 101,102,103,104호 ",,아탑스포츠
98,CDFH3301062009000002,취소/말소/만료/정지/중지,02-735-1205,서울특별시 종로구 교북동 10-10번지 지상3층 ,03165,크로바헬스
99,CDFH3301062002000003,취소/말소/만료/정지/중지,,서울특별시 종로구 인사동 194-0번지 4층 ,,카라헬스
100,CDFH3301062004000004,취소/말소/만료/정지/중지,02-732-6341,서울특별시 종로구 내수동 95번지 경희궁 파크팰리스 ,03174,(주)케이앤맥켄지어소시에이트
101,CDFH3301062003000002,취소/말소/만료/정지/중지,743-5001,서울특별시 종로구 동숭동 1-45번지 자유빌딩 3층 ,03086,동숭휘트니스클럽
102,CDFH3301062005000004,취소/말소/만료/정지/중지,02-2236-5403,서울특별시 종로구 숭인동 310번지 대우디오빌 (지하1층) ,03114,TJ 휘트니스
103,CDFH3301062006000002,취소/말소/만료/정지/중지,02-720-8388,서울특별시 종로구 내수동 1번지 대성빌딩(8층) ,03173,MT휘트니스센터
104,CDFH3301062016000008,취소/말소/만료/정지/중지,,서울특별시 종로구 인의동 48-2번지 ,03130,라인 GYM 휘트니스
105,CDFH3301062011000003,취소/말소/만료/정지/중지,,"서울특별시 종로구 통의동 35-41번지 우진빌딩 3,4층 ",03044,엠투짐
106,CDFH3301062012000002,취소/말소/만료/정지/중지,,서울특별시 종로구 숭인동 310번지 ,03114,나인짐휘트니스
107,CDFH3301062004000003,취소/말소/만료/정지/중지,02-3675-5861,서울특별시 종로구 창신동 596-2번지 ,03090,종로동부여성문화센터
108,CDFH3301062004000006,취소/말소/만료/정지/중지,02-3675-1318,서울특별시 종로구 명륜3가 1-1042번지 ,03065,종로청소년문화센터
109,CDFH3301061998000004,영업/정상,02-383-6152,서울특별시 종로구 신영동 254번지 ,03013,MAX체력단련장
110,CDFH3301061997000002,영업/정상,02-763-4902,서울특별시 종로구 창신동 576번지 ,03106,박영길 휘트니스
111,CDFH3301062003000003,영업/정상,02-720-2525,서울특별시 종로구 당주동 128-27번지 동원빌딩 지하1층 ,03175,(주)광화문투엑스휘트니스
112,CDFH3301062019000010,영업/정상,,서울특별시 중구 남대문로5가 84-11번지 연세대학교 세브란스빌딩 ,04527,엘리트핏24
113,CDFH3301062019000008,영업/정상,,서울특별시 중구 수표동 56-1번지 강남빌딩 ,04542,크로스핏 핏불
114,CDFH3301062019000007,영업/정상,02-318-0687,서울특별시 중구 정동 25-2번지 ,04516,골든크라운 크로스핏 서대문역
115,CDFH3301062019000005,영업/정상,02-2231-7970,서울특별시 중구 신당동 288-17번지 ,04586,3S gym
116,CDFH3301062019000006,영업/정상,02-2233-1770,서울특별시 중구 신당동 417-6번지 ,04607,핏앤힐(Fit and Hill by SS)
117,CDFH3301062019000002,영업/정상,,서울특별시 중구 순화동 2-6번지 N빌딩 ,04516,시청 휘트니스
118,CDFH3301062019000003,영업/정상,02-6014-2844,서울특별시 중구 신당동 292-95번지 ,04610,DDPT&PILATES
119,CDFH3301061989000003,영업/정상,,서울특별시 중구 회현동1가 202-5번지 ,,제일헬스
120,CDFH3301061989000006,영업/정상,,서울특별시 중구 북창동 70-1번지 ,,왕성체육관
121,CDFH3301061989000007,영업/정상,,서울특별시 중구 남창동 168-7번지 ,,삼일
122,CDFH3301061989000008,영업/정상,,서울특별시 중구 인현동1가 46-3번지 ,,매일온천
123,CDFH3301061990000001,영업/정상,,서울특별시 중구 장충동2가 산 5-5번지 ,,(주)타워호텔
124,CDFH3301061991000001,영업/정상,,서울특별시 중구 광희동1가 142번지 현대빌딩 5층동 ,,경성헬스클럽
125,CDFH3301061992000001,영업/정상,,서울특별시 중구 황학동 717번지 ,,신당헬스클럽
126,CDFH3301062017000002,영업/정상,,서울특별시 중구 흥인동 8번지 ,04570,비치바디짐
127,CDFH3301061998000005,영업/정상,,서울특별시 중구 중림동 398-1번지 ,,2002헬스타운
128,CDFH3301061998000007,영업/정상,,서울특별시 중구 인현동1가 102-5번지 ,,명보헬스피아
129,CDFH3301061999000002,영업/정상,,서울특별시 중구 흥인동 13-1번지 ,,뉴)월드스포랜드
130,CDFH3301062017000003,영업/정상,02-2038-0117,,04555,(주)바디스타
131,CDFH3301062018000001,영업/정상,02-2275-0776,서울특별시 중구 충무로3가 49번지 엘크루 메트로시티 ,04554,CM헬스
132,CDFH3301062018000002,영업/정상,02-363-0452,서울특별시 중구 만리동1가 62-7번지 서울역 디오빌 ,04501,피트니스 월드
133,CDFH3301061999000003,영업/정상,,서울특별시 중구 명동1가 1-1번지 ,,서울YMCA
134,CDFH3301061999000004,영업/정상,,서울특별시 중구 회현동1가 202-0번지 제일빌딩5층 622호 ,,국제프레야스포츠
135,CDFH3301061999000005,영업/정상,,서울특별시 중구 충무로2가 50-6번지 ,,라이온스헬스클럽
136,CDFH3301061999000007,영업/정상,,서울특별시 중구 명동2가 31-1번지 ,,엠.티.엠 휘트니스클럽
137,CDFH3301062011000003,영업/정상,,서울특별시 중구 신당동 368-3번지 ,100827,파크짐
138,CDFH3301062011000004,영업/정상,,서울특별시 중구 황학동 2545번지 롯데베네치아 메가홀 지하2층 2002 ,100440,황금스파
139,CDFH3301062011000005,영업/정상,,서울특별시 중구 명동1가 7-12번지 태흥빌딩 14층 ,04538,제이엘스포츠
140,CDFH3301062011000006,영업/정상,,서울특별시 중구 수하동 67번지 ,100210,(주)센터원웰니스
141,CDFH3301061997000001,영업/정상,,서울특별시 중구 신당동 152-6번지 ,,프로헬스크럽
142,CDFH3301062012000002,영업/정상,,서울특별시 중구 신당동 ,100450,(주)파크짐
143,CDFH3301062012000004,영업/정상,,서울특별시 중구 회현동2가 88번지 ,04631,(주)신세계조선호텔 스테이트타워남산GYM
144,CDFH3301062015000002,영업/정상,02-2280-8000,서울특별시 중구 예장동 2-19번지 지하2층 ,04627,(주)더한 오리엔스 호텔 & 레지던스
145,CDFH3301062015000003,영업/정상,02-777-5011,서울특별시 중구 정동 34-5번지 배재정동빌딩 1층 A동 ,04516,엠피트니스
146,CDFH3301062015000004,영업/정상,,서울특별시 중구 충무로3가 51-7번지 3층 ,04554,이로운 퍼스널 트레이닝 스튜디오
147,CDFH3301062013000003,영업/정상,,서울특별시 중구 남대문로4가 17-7번지 ,04526,휘트니스센터
148,CDFH3301062016000001,영업/정상,,서울특별시 중구 신당동 52-299번지 ,04585,RX FITNESS
149,CDFH3301062016000002,영업/정상,,,04585,S바디케어프라이빗짐
150,CDFH3301062016000003,영업/정상,02-2233-2232,,04560,(주)파크짐
151,CDFH3301062016000004,영업/정상,,서울특별시 중구 을지로2가 205번지 ,04542,(주)스포짐앤밀론
152,CDFH3301061998000002,영업/정상,,서울특별시 중구 남창동 1-2번지 ,,새로나휘트니스
153,CDFH3301061998000003,영업/정상,,서울특별시 중구 무교동 19-0번지 ,,토로짐
154,CDFH3301061998000004,영업/정상,,서울특별시 중구 회현동1가 181-6번지 ,,한신헬스클럽
155,CDFH3301062003000001,영업/정상,777-4280,"서울특별시 중구 태평로2가 366-1번지 팰리스빌딩 3,4층 ",,디자인휘트니스
156,CDFH3301062003000002,영업/정상,776-9893,서울특별시 중구 명동2가 2-7번지 ,,명동사우나헬스
157,CDFH3301062003000003,영업/정상,2128-6800,서울특별시 중구 회현동1가 204번지 메사빌딩 13층 ,,Aja sporex
158,CDFH3301062004000001,영업/정상,2002-5453,서울특별시 중구 회현동1가 203번지 ,,우리헬스
159,CDFH3301062013000005,영업/정상,,서울특별시 중구 신당동 361-24번지 ,04598,엠비휘트니스
160,CDFH3301062013000006,영업/정상,02-2266-8247,서울특별시 중구 수표동 27-2번지 ,04543,시립서울청소년센터
161,CDFH3301062014000001,영업/정상,,서울특별시 중구 신당동 340-80번지 ,04590,Medi & Fit (메디 앤 핏)
162,CDFH3301062014000002,영업/정상,2236-2232,서울특별시 중구 봉래동1가 10번지 ,04512,(주)파크짐
163,CDFH3301062014000003,영업/정상,,서울특별시 중구 쌍림동 25-6번지 ,04560,스카이 P.P
164,CDFH3301062015000001,영업/정상,2233-3959,서울특별시 중구 황학동 ,04571,Re Studio
165,CDFH3301062004000002,영업/정상,778-8307,서울특별시 중구 명동2가 31-1번지 ,,휴레스트웰빙클럽
166,CDFH3301062004000003,영업/정상,777-9112-3,서울특별시 중구 남산동2가 6-1번지 ,,맨하탄휘트니스
167,CDFH3301062004000007,영업/정상,2232-1557,"서울특별시 중구 신당동 152-1번지 4층,5층 ",,헬스GXPT스피닝
168,CDFH3301062008000002,영업/정상,3454-0611,서울특별시 중구 명동2가 31-1번지 ,,(주)이아스피스 명동센터
169,CDFH3301062008000003,영업/정상,2119-8700,서울특별시 중구 순화동 151번지 b201호,,마이트리스파
170,CDFH3301062007000007,영업/정상,2285-1250,서울특별시 중구 충무로3가 43번지 ,,PGA스포렉스
171,CDFH3301062009000001,영업/정상,02-6328-0201,서울특별시 중구 태평로2가 70-5번지 해남빌딩 2층 ,,스포짐
172,CDFH3301062010000001,영업/정상,02-6388-3967,서울특별시 중구 을지로6가 산 18-35번지 8층 ,,바디스타 짐
173,CDFH3301062010000002,영업/정상,2250-8000,서울특별시 중구 장충동2가 산 5-5번지 ,,Banyan Tree Club&SPA Seoul Fitness club
174,CDFH3301061994000001,영업/정상,,서울특별시 중구 남대문로4가 3-5번지 ,,88헬스클럽
175,CDFH3301062010000003,영업/정상,,서울특별시 중구 충무로4가 산 306번지 남산센트럴상가 지하1층B07호 ,,엘리트짐
176,CDFH3301062010000004,영업/정상,,서울특별시 중구 순화동 산 1-170번지 ACE타워 지하1층 ,,웰리스휘트니스
177,CDFH3301062011000002,영업/정상,,서울특별시 중구 을지로3가 산 315-4번지 을지빌딩4층 ,,을지 휘트니스
178,CDFH3301062013000004,영업/정상,,서울특별시 중구 신당동 295-27번지 ,04608,파크짐
179,CDFH3301061998000001,영업/정상,,서울특별시 중구 필동2가 98-1번지 ,,위더스헬스클럽
180,CDFH3301062019000012,영업/정상,02-2231-1118,서울특별시 중구 신당동 855번지 신당 파인힐 하나유보라 ,04580,잇즈(ITZ)핏
181,CDFH3301062019000009,영업/정상,,서울특별시 중구 흥인동 91번지 흥화브라운 오피스텔 ,04570,세심한 PT studio
182,CDFH3301062019000011,영업/정상,,서울특별시 중구 황학동 1596번지 ,04574,비치바디
183,CDFH3301062012000001,폐업,,서울특별시 중구 소공동 1번지 롯데호텔 ,100721,호텔롯데 헬스센터
184,CDFH3301062012000003,폐업,,서울특별시 중구 을지로2가 ,100845,리복 크로스핏 센티널 다운타운
185,CDFH3301062013000001,폐업,,서울특별시 중구 신당동 842번지 ,,JM 휘트니스
186,CDFH3301062013000002,폐업,,서울특별시 중구 신당동 247-8번지 ,100451,에이스 휘트니스
187,CDFH3301062002000003,폐업,2238-2114,서울특별시 중구 신당동 842번지 약수하이츠상가  4층 ,,아센휘트니스센타
188,CDFH3301062004000005,폐업,,서울특별시 중구 을지로6가 18-185번지 ,,밀리오레휘트니스
189,CDFH3301062004000006,폐업,2277-9979,서울특별시 중구 오장동 127-1번지 센트마 5층 ,,"중부골프,헬스클럽"
190,CDFH3301062005000001,폐업,736-9010,서울특별시 중구 충정로1가 62-15번지 2층 ,,대원교정운동
191,CDFH3301062008000001,폐업,2272-7999,서울특별시 중구 충무로3가 60-1번지 극동빌딩 지하1층 ,,바디스타휘트니스
192,CDFH3301062009000002,폐업,,서울특별시 중구 중림동 398-1번지 3층 ,,2002헬스타운
193,CDFH3301061994000002,폐업,,서울특별시 중구 신당동 407번지 ,,우노헬스
194,CDFH3301062006000001,폐업,02)393-6008,서울특별시 중구 중림동 355번지 브라운스톤서울 302호 ,,스포존 휘트니스
195,CDFH3301062011000001,폐업,3789-0666,서울특별시 중구 남창동 1-1번지 새로나쇼핑몰 지하1층 ,,Secret 휘트니스클럽
196,CDFH3301061994000003,폐업,,서울특별시 중구 신당동 250-32번지 ,,(재)중앙체육원
197,CDFH3301061996000002,폐업,,서울특별시 중구 황학동 2357번지 ,,중앙헬스
198,CDFH3301062001000005,폐업,,서울특별시 중구 주교동 43-10번지 ,,방산헬스클럽
199,CDFH3301062006000003,폐업,,서울특별시 중구 을지로2가 185-10번지 동양생명사옥빌딩 지하1층 ,,미체골프&휘트니스클럽
200,CDFH3301062007000006,폐업,02-316-9980,서울특별시 중구 남대문로5가 631번지 ,,STX 피트니스클럽
201,CDFH3301062001000006,폐업,,서울특별시 중구 태평로1가 84번지 ,,비더블유 실내골프
202,CDFH3301062001000007,폐업,,서울특별시 중구 태평로1가 84번지 ,,비더블유 휘트니스센터
203,CDFH3301062002000002,폐업,2266-5193,서울특별시 중구 을지로6가 17-2번지 프레야타운 12층 ,,동대문스포렉스
204,CDFH3301061997000003,폐업,,서울특별시 중구 남대문로5가 171번지 ,,테크노헬스
205,CDFH3301061989000001,폐업,,서울특별시 중구 중림동 116번지 ,,중앙헬스
206,CDFH3301061989000002,폐업,,서울특별시 중구 충무로2가 61-3번지 ,,세종체력단련장
207,CDFH3301061989000004,폐업,,서울특별시 중구 황학동 2487번지 ,,문화
208,CDFH3301061989000005,폐업,,서울특별시 중구 명동1가 54-7번지 ,,명동88헬스크럽
209,CDFH3301061989000009,폐업,,서울특별시 중구 주교동 7번지 ,,골든
210,CDFH3301061990000002,폐업,,서울특별시 중구 인현동1가 103-1번지 ,,명보헬스
211,CDFH3301061993000001,폐업,,서울특별시 중구 충무로2가 11-1번지 ,,썬샤인 헬스크럽
212,CDFH3301061993000002,폐업,,서울특별시 중구 신당동 340-73번지 ,,약수헬스클럽
213,CDFH3301062017000001,폐업,02-2252-8861,서울특별시 중구 신당동 140-23번지 ,04578,크로스핏 리턴
214,CDFH3301061998000006,폐업,,서울특별시 중구 충무로2가 65-7번지 ,,월드여성전용헬스
215,CDFH3301061999000001,폐업,,서울특별시 중구 순화동 2-6번지 ,,중앙일보교육사업단(중앙문화센터)
216,CDFH3301062018000003,폐업,,서울특별시 중구 중림동 128-15번지 ,04507,좋은습관 PT Studio
217,CDFH3301061999000006,폐업,,서울특별시 중구 신당동 369-7번지 ,,파워헬스
218,CDFH3301061995000003,영업/정상,,서울특별시 중구 신당동 52-46번지 ,,현대헬스
219,CDFH3301061996000001,영업/정상,,서울특별시 중구 장충동1가 31-5번지 ,,골드짐
220,CDFH3301061996000003,영업/정상,,서울특별시 중구 태평로1가 61-1번지 코리아나호텔 4층 ,100101,코리아나
221,CDFH3301062000000002,영업/정상,,서울특별시 중구 황학동 73-1번지 ,,라이프 헬스 클럽
222,CDFH3301062000000003,영업/정상,,서울특별시 중구 서소문동 58-9번지 ,,중앙신협휘트니스클럽
223,CDFH3301062000000005,영업/정상,,서울특별시 중구 장교동 1-0번지 장교빌딩1층 ,,장교 휘트니스 센터
224,CDFH3301062000000006,영업/정상,,서울특별시 중구 신당동 844-0번지 스포츠센타내204-1 ,,타라휘트니스클럽
225,CDFH3301062001000002,영업/정상,,서울특별시 중구 을지로3가 315-4번지 ,,골드스포츠
226,CDFH3301062001000003,영업/정상,,서울특별시 중구 남대문로5가 36-1번지 ,,남문헬스클럽
227,CDFH3301062001000004,영업/정상,,서울특별시 중구 주교동 135-5번지 ,,동남헬스클럽
228,CDFH3301062005000003,영업/정상,6399-0200,서울특별시 중구 의주로1가 25-10번지 ,,바비엥 휘트니스클럽
229,CDFH3301062005000004,영업/정상,2264-2346,서울특별시 중구 을지로3가 315-4번지 을지빌딩 4층 ,,팜 휘트니스
230,CDFH3301062006000002,영업/정상,02-2128-6800,서울특별시 중구 회현동1가 204번지 메사빌딩 13층 1302호,,메사 휘트니스 케어&골프
231,CDFH3301062006000004,영업/정상,2220-8020,서울특별시 중구 의주로1가 202번지 지하1층 ,,FRASER PLACE
232,CDFH3301062007000001,영업/정상,2269-3913,서울특별시 중구 장충동2가 26-1번지 지하1층 ,,장충헬스클럽
233,CDFH3301062007000002,영업/정상,2268-3086,서울특별시 중구 을지로5가 39-1번지 삼성파크빌 지하2층 ,,올포원 휘트니스
234,CDFH3301062007000003,영업/정상,774-8733,서울특별시 중구 서소문동 47-2번지 102호,,고투GO TO 시청
235,CDFH3301062007000004,영업/정상,392-6957,서울특별시 중구 만리동2가 6-1번지 ,,손기정문화체육센터
236,CDFH3301062007000005,영업/정상,777-3434,서울특별시 중구 충무로1가 25-5번지 고려대연락타워 지하2층 ,,바디플렉스짐
237,CDFH3301062005000002,영업/정상,2288-3114,서울특별시 중구 남대문로5가 541번지 지하1층 ,,웰리스
238,CDFH3301062020000005,영업/정상,02-2233-5129,서울특별시 중구 신당동 48-1번지 ,04585,마인PT & 필라테스 신당청구점
239,CDFH3301062020000006,영업/정상,,서울특별시 중구 충무로2가 60-3번지 성창빌딩 ,04537,더블에스 휘트니스
240,CDFH3301062020000001,영업/정상,02-365-1712,서울특별시 중구 중림동 200번지 중림동 삼성 사이버 빌리지 ,04502,올록볼록 PT Studio
241,CDFH3301062020000003,영업/정상,,서울특별시 중구 흥인동 13-1번지 ,04570,(주)머슬컴퍼니 머슬프렌즈짐
242,CDFH3301062020000004,영업/정상,,서울특별시 중구 서소문동 85-3번지 현지번(서소문동 143) ,04514,서울시청역점 스포애니 (주)케이디스포츠
243,CDFH3301062020000002,영업/정상,,서울특별시 중구 신당동 52-228번지 준빌딩 ,04585,엘케이(LK)바디짐
244,CDFH3301062019000004,영업/정상,02-6348-1842,서울특별시 중구 신당동 226-3번지 ,04612,피엘유
245,CDFH3301062019000001,영업/정상,,서울특별시 중구 태평로1가 84번지 파이낸스빌딩 ,04520,시그마스포츠클럽
246,CDFH3301062018000004,영업/정상,,서울특별시 중구 태평로2가 150번지 부영 태평빌딩 ,04513,주식회사 태평로 바디스타
247,CDFH3301062020000005,영업/정상,02-796-4623,서울특별시 용산구 한남동 630-9번지 THE VIII(갈2:20) ,04402,TIM GYM
248,CDFH3301062020000006,영업/정상,02-749-8181,서울특별시 용산구 이태원동 124-1번지 준아트빌 ,04349,에이블짐 이태원역점
249,CDFH3301062020000001,영업/정상,,"서울특별시 용산구 동빙고동 7-48번지 뉴포트, 5층 ",04393,Sanctuary
250,CDFH3301062020000003,영업/정상,,서울특별시 용산구 한남동 258번지 현대리버티하우스 ,04420,F45 트레이닝 한남
251,CDFH3301062020000002,영업/정상,02-792-1031,서울특별시 용산구 남영동 61-4번지 3층 ,04352,망고짐
252,CDFH3301062019000007,영업/정상,,서울특별시 용산구 청파동2가 67-6번지 지층 ,04309,오아핏
253,CDFH3301062019000005,영업/정상,,서울특별시 용산구 한남동 736-8번지 3층 ,04404,ONE MORE
254,CDFH3301062019000004,영업/정상,02-797-4252,서울특별시 용산구 한남동 261-6번지 4층 402호 ,04419,바나나휘트니스24
255,CDFH3301062019000006,영업/정상,,서울특별시 용산구 남영동 17-1번지 참빛빌딩 지하1층 ,04352,스포벡휘트니스
256,CDFH3301062019000003,영업/정상,02-790-4293,서울특별시 용산구 한남동 707-36번지 한남프라자 4층 ,04418,진핏퍼스널트레이닝
257,CDFH3301062019000002,영업/정상,02-749-8487,서울특별시 용산구 한남동 790-3번지 1층 ,04417,짐나우 퍼스널트레이닝
258,CDFH3301062019000001,영업/정상,02-704-4766,서울특별시 용산구 효창동 5-121번지 지하2층 ,04317,라온휘트니스
259,CDFH3301062015000003,영업/정상,02-792-1710,서울특별시 용산구 한남동 568-241번지 나성빌딩 101호,04411,시크모어 웰니스 스튜디오
260,CDFH3301062016000005,영업/정상,,서울특별시 용산구 한남동 1-42번지 3층 ,04420,랜스앤제이 퍼스널 트레이닝 스튜디오
261,CDFH3301062016000006,영업/정상,02-749-2260,서울특별시 용산구 한남동 72-1번지 ,04419,유즈웰(USEWELL)
262,CDFH3301062016000007,영업/정상,02-792-8281,서울특별시 용산구 보광동 217-21번지 ,04394,제이짐
263,CDFH3301062017000002,영업/정상,02-790-2244,서울특별시 용산구 이촌동 302-61번지 ,04427,더블에이 이촌
264,CDFH3301062017000003,영업/정상,02-749-9880,서울특별시 용산구 서빙고동 241-94번지 ,04428,피트 트레이닝센터
265,CDFH3301062017000004,영업/정상,02-2138-7011,서울특별시 용산구 한남동 33-4번지 ,04419,파프짐
266,CDFH3301062017000005,영업/정상,02-714-8880,서울특별시 용산구 서계동 260-1번지 ,04305,만리 체육관
267,CDFH3301062017000006,영업/정상,02-794-7300,서울특별시 용산구 이촌동 300-16번지 (주)서울스튜디오 ,04426,찰스짐
268,CDFH3301062018000002,영업/정상,02-794-8281,서울특별시 용산구 동빙고동 28-15번지 1층 ,04395,빅짐
269,CDFH3301062018000003,영업/정상,02-797-7665,서울특별시 용산구 이촌동 300-322번지 201호,04426,후핏
270,CDFH3301062018000004,영업/정상,02-795-0117,서울특별시 용산구 한남동 258번지 현대리버티하우스 ,04420,스포짐 앤 이엠파워
271,CDFH3301062018000005,영업/정상,02-790-8770,서울특별시 용산구 한남동 76-42번지 남한빌딩 ,04401,판크 트레이닝클럽
272,CDFH3301062013000005,영업/정상,,서울특별시 용산구 한남동 657-45번지 ,04401,Fit In Cool
273,CDFH3301062013000006,영업/정상,02-703-8378,서울특별시 용산구 원효로1가 39-6번지 ,04314,팀레드
274,CDFH3301062013000007,영업/정상,02-790-7175,서울특별시 용산구 이촌동 300-27번지 307호,04427,분더바 짐(Wunderbar GYM)
275,CDFH3301062013000009,영업/정상,,서울특별시 용산구 이태원동 646-204번지 ,04343,Fit Club
276,CDFH3301062014000001,영업/정상,02-796-7978,서울특별시 용산구 한남동 261-6번지 ,04419,바나나필라 피티
277,CDFH3301062014000002,영업/정상,02-792-4362,서울특별시 용산구 보광동 216-88번지 ,04395,Beautiful Evolution
278,CDFH3301062014000003,영업/정상,02-797-0324,서울특별시 용산구 용산동5가 24-1번지 ,04385,에스퍼스널트레이닝
279,CDFH3301062014000004,영업/정상,02-727-5000,서울특별시 용산구 동자동 12번지 ,04323,PENTACLE
280,CDFH3301062014000005,영업/정상,02-796-9600,서울특별시 용산구 한남동 1-307번지 ,04420,레브트레이닝
281,CDFH3301062015000001,영업/정상,02-795-7203,서울특별시 용산구 갈월동 101-45번지 ,04322,스포벡
282,CDFH3301062015000002,영업/정상,070-4794-6591,서울특별시 용산구 이촌동 300-301번지 삼익아파트 ,04426,와가짐
283,CDFH3301062016000004,영업/정상,02-711-4013,서울특별시 용산구 원효로1가 39-10번지 ,04314,칼라퍼스널트레이닝
284,CDFH3301062012000003,영업/정상,02-795-4698,서울특별시 용산구 한남동 740-1번지 ,04348,프라이빗 웰니스
285,CDFH3301062013000001,영업/정상,070-4530-4566,서울특별시 용산구 한남동 79-3번지 ,04410,H 스튜디오
286,CDFH3301062013000004,영업/정상,02-749-9994,서울특별시 용산구 이촌동 302-52번지 ,04427,반트짐
287,CDFH3301062006000003,영업/정상,02-792-0002,서울특별시 용산구 한강로3가 40-713번지 4층 ,04378,드래곤힐스파휘트니스클럽
288,CDFH3301062007000001,영업/정상,02-705-0022,서울특별시 용산구 한강로3가 16-85번지 GS한강에클라트 ,04373,GOTO 용산점
289,CDFH3301061994000003,영업/정상,02-777-3579,서울특별시 용산구 용산동2가 23번지 ,04339,AK운동맞춤센터
290,CDFH3301061991000002,폐업,797-3402,서울특별시 용산구 이태원동 130-34번지 지하2층 ,04391,용헬스클럽
291,CDFH3301062010000002,폐업,,서울특별시 용산구 이태원동 651번지 ,04343,Studio-X-Fitness
292,CDFH3301062017000001,폐업,070-7630-1531,서울특별시 용산구 원효로2가 2-3번지 ,04368,좋은습관 피티 스튜디오
293,CDFH3301062018000001,폐업,02-792-1030,서울특별시 용산구 남영동 61-6번지 ,04352,에이본 휘트니스
294,CDFH3301062013000008,폐업,790-0801,서울특별시 용산구 한남동 76-42번지 ,04401,리복 크로스핏 센티널 원Ⅱ
295,CDFH3301062014000006,폐업,792-2102,서울특별시 용산구 한남동 683-141번지 ,140892,gymin korea
296,CDFH3301062016000001,폐업,,서울특별시 용산구 갈월동 69-109번지 ,04320,패스트앤슬로우 컨설팅그룹
297,CDFH3301062016000003,폐업,,서울특별시 용산구 원효로1가 39-10번지 ,04314,칼라퍼스널 트레이닝
298,CDFH3301062012000004,폐업,,서울특별시 용산구 갈월동 89-14번지 ,140807,ACE휘트니스
299,CDFH3301062013000002,폐업,,서울특별시 용산구 남영동 65-3번지 ,04352,라이더훌라스포츠센타
300,CDFH3301062013000003,폐업,,서울특별시 용산구 한남동 261-6번지 ,140884,코어짐(core gym)3호점
